year;day;tavg;tmin;tmax;wind;sunhours;globrad;precip;relhumid
year;julian_day;C;C;C;m s-1;h;MJ m-2;mm;%
1991;1;-0.6;-1.5;1;6.7;-999;0.520;0;90
1991;2;2.8;0;6;12.8;-999;0.520;0;85
1991;3;7;6;8;11.4;-999;1.630;0;77
1991;4;5.7;4;8;8.6;-999;0.520;0;70
1991;5;5.6;4;7;7.8;-999;0.520;1;76
1991;6;4;3.5;5;1.1;-999;0.520;1;85
1991;7;4.7;3;8;7.2;-999;0.690;0;79
1991;8;3.9;0.2;7;3.1;-999;0.750;1;67
1991;9;5.7;2.5;9;6.1;-999;0.520;1;71
1991;10;-0.1;-3.5;2;4.2;-999;4.790;0;71
1991;11;-3.2;-7;1;0;-999;3.770;0;74
1991;12;1;-3;3.5;7.8;-999;1.940;0;77
1991;13;-1;-1.5;0;2.5;-999;0.720;1;79
1991;14;3.6;0;6;8.3;-999;0.720;0;78
1991;15;5.7;5;6;8.6;-999;0.720;0;70
1991;16;4.6;3;6;8.3;-999;0.720;1;69
1991;17;2.8;-1;4;7.8;-999;5.360;0;59
1991;18;2.8;-1;6;6.1;-999;0.720;3;76
1991;19;4.4;0;6;6.1;-999;0.720;12;78
1991;20;-0.4;-5;4.5;7.8;-999;1.030;0;81
1991;21;-6.2;-9;-3;0;-999;2.600;0;73
1991;22;-7.5;-10.5;-4;2.2;-999;5.790;0;71
1991;23;-8.2;-13;-4;3.6;-999;3.680;0;68
1991;24;-6.9;-9;-4;2.2;-999;3.540;0;70
1991;25;-7.5;-9;-6.5;0;-999;0.790;0;79
1991;26;-4.3;-7;-2;1.1;-999;0.790;0;79
1991;27;0;-1.5;1;1.4;-999;0.790;0;80
1991;28;-1.2;-2.5;0;2.5;-999;0.790;0;79
1991;29;-0.3;-1;0.5;2.2;-999;0.790;0;79
1991;30;-0.1;-1.5;1;1.1;-999;2.240;0;77
1991;31;-2.1;-2.5;-1.5;1.1;-999;0.790;0;78
1991;32;-1.5;-2;-1;2.5;-999;0.860;0;78
1991;33;-1.3;-2;-0.5;5;-999;0.860;1;78
1991;34;1.2;-1;4;6.7;-999;1.780;6;74
1991;35;1.9;0;3;9.2;-999;5.140;0;68
1991;36;1.3;0;2.5;8.6;-999;0.860;1;75
1991;37;2.1;-1;6;1.4;-999;0.860;1;78
1991;38;6.3;6;7.5;8.6;-999;2.540;0;70
1991;39;3.7;0;6;4.2;-999;0.860;0;72
1991;40;1.9;-2;8;3.6;-999;3.970;0;77
1991;41;3.4;1;6.5;3.1;-999;2.710;1;75
1991;42;2.5;1;4;4.7;-999;0.920;4;79
1991;43;4.4;3;6;1.1;-999;1.680;0;77
1991;44;6.6;4.5;9;3.6;-999;0.920;2;76
1991;45;2.8;1;5;5.8;-999;3.400;3;75
1991;46;4;1;7;6.1;-999;0.920;1;73
1991;47;1.4;-1;3.5;9.2;-999;1.400;2;70
1991;48;-1.8;-4.5;0;4.7;-999;4.740;1;73
1991;49;-3.1;-6;-1;3.1;-999;5.310;0;69
1991;50;-0.7;-3;0.5;5.8;-999;0.920;1;72
1991;51;-1.2;-4;1.5;3.6;-999;2.160;0;78
1991;52;1.3;0;2.5;6.1;-999;1.640;0;80
1991;53;3.1;1;4.5;4.7;-999;2.450;2;72
1991;54;4.8;2.5;8;10.8;-999;3.500;0;70
1991;55;3.5;1.5;6.5;4.7;-999;7.340;0;72
1991;56;3.7;1;7;0;-999;1.640;0;74
1991;57;2.5;-2;7.5;1.4;-999;3.970;0;73
1991;58;4.3;1;9;3.1;-999;6.640;0;74
1991;59;1.1;-4;6;1.1;-999;6.990;0;79
1991;60;6.8;3;12;4.2;-999;4.080;0;68
1991;61;8;4;14;3.1;-999;13.750;0;68
1991;62;6.9;5;13;3.1;-999;8.120;1;61
1991;63;5.5;4;7;11.7;-999;2.900;0;70
1991;64;6.9;4;11;5;-999;12.650;0;61
1991;65;7.5;4;13;1.4;-999;21.850;0;68
1991;66;5;1.5;10;3.6;-999;3.450;1;72
1991;67;6;5.5;7;3.1;-999;2.350;0;77
1991;68;5.7;0;11;3.1;-999;12.790;0;57
1991;69;4.5;-0.5;11.5;4.2;-999;13.200;0;55
1991;70;4.7;-2.5;12.5;2.2;-999;13.480;0;53
1991;71;4;1;6.5;5.8;-999;7.660;2;65
1991;72;3.1;-0.5;6;5.8;-999;3.230;14;75
1991;73;2.8;0;6;7.8;-999;3.230;3;74
1991;74;1.1;-0.5;3;9.7;-999;14.940;1;50
1991;75;0.4;-2.5;2;2.5;-999;7.030;2;71
1991;76;2.5;-1;6;7.2;-999;13.520;0;55
1991;77;2.3;-2;5;2.5;-999;4.340;0;70
1991;78;6.8;3.5;11;3.1;-999;10.670;0;71
1991;79;4.7;-1;11.5;4.7;-999;10.200;1;71
1991;80;6.1;4;8;3.1;-999;3.070;12;74
1991;81;8.3;4.5;11;2.5;-999;3.960;6;75
1991;82;5.5;4;8;8.6;-999;6.940;5;66
1991;83;3.7;0.1;7.3;0.9;-999;0.941;1;86
1991;84;2.7;-1.5;6.2;3.3;-999;6.982;0;90
1991;85;2.1;0.3;2.8;4.1;-999;1.657;6.3;95
1991;86;3.5;1.1;6.7;3.2;-999;7.500;0.2;84
1991;87;2.5;1.5;4.5;2.8;-999;6.195;1.4;92
1991;88;1.9;0.5;3.7;4.9;-999;7.760;3.2;92
1991;89;1.5;-0.6;4.1;3.7;-999;8.971;0.7;89
1991;90;1.2;-3.2;5;2.9;-999;11.857;0;85
1991;91;5.6;-0.3;12.4;5.7;-999;17.459;0;76
1991;92;7.4;2.4;14.9;5.5;-999;11.068;2.6;83
1991;93;7.2;2.8;12.9;4.5;-999;17.325;0;75
1991;94;5.9;0.6;10.3;3.4;-999;13.225;0;84
1991;95;5.3;1.6;8.5;4.2;-999;12.408;0;79
1991;96;3.7;-0.4;7.1;3;-999;11.725;0;80
1991;97;4.1;-1.1;8.2;2.5;-999;8.571;0.1;84
1991;98;6.7;2.1;11.1;1.8;-999;12.082;0;75
1991;99;7.2;3;12.3;1.4;-999;13.904;0;70
1991;100;5.8;-0.5;11.5;2.4;-999;18.940;0;73
1991;101;6.8;-1.5;13.2;0.9;-999;19.844;0;68
1991;102;10.2;4.4;15.6;2.7;-999;15.731;0;68
1991;103;11.5;6.8;16.6;3.4;-999;16.258;0;71
1991;104;8.5;7.3;10.1;4.3;-999;0.853;2.1;87
1991;105;7.3;5;10;5.5;-999;7.813;0.1;82
1991;106;7.6;2.4;14;3.7;-999;9.260;1;79
1991;107;5.1;1.6;7.1;4.9;-999;6.421;2.3;86
1991;108;2.7;-0.1;6;3.8;-999;13.913;2.1;87
1991;109;6.3;1.7;9.9;5.2;-999;11.610;1.7;88
1991;110;8.2;5.4;10;7.7;-999;15.128;1.9;72
1991;111;5.6;1.4;8.8;5.8;-999;18.680;0;59
1991;112;6.2;-1;11.3;3.1;-999;22.453;0;61
1991;113;8.2;2;12.8;4.1;-999;16.247;0;59
1991;114;6.5;3;9.4;2.3;-999;9.388;0;78
1991;115;10.4;5.4;15.1;1.9;-999;11.982;0;75
1991;116;15.3;7.8;24.1;3.6;-999;18.803;1.7;71
1991;117;13.9;10.2;19;2;-999;12.850;2.8;81
1991;118;12.8;6.6;15.5;4.4;-999;14.213;0;74
1991;119;12.1;4.8;17;3.5;-999;13.885;0.1;67
1991;120;10.6;6.9;12.8;3.8;-999;9.451;2.2;86
1991;121;9.6;2.8;14.8;2.3;-999;16.828;0;70
1991;122;12.4;6.1;17.1;4.9;-999;16.585;0.2;68
1991;123;8.2;5.7;10.2;2;-999;7.744;3;90
1991;124;9.1;6;11.9;2.9;-999;15.686;0.1;76
1991;125;8.3;2.5;13;1.6;-999;25.974;0;70
1991;126;9.9;1.4;15.8;1.3;-999;25.763;0;67
1991;127;12.4;4.4;17.6;3.2;-999;21.625;0;66
1991;128;13.3;11.5;16.3;4.5;-999;6.940;2.4;87
1991;129;10.5;5.1;17.1;5.3;-999;4.780;2.7;88
1991;130;7.5;4.3;11.4;4.4;-999;13.221;2.4;85
1991;131;7.9;5.8;11;4.5;-999;12.661;3.1;84
1991;132;7;4.8;10;2.6;-999;5.555;10.9;95
1991;133;9.8;3.3;14.6;4.4;-999;16.787;0.3;80
1991;134;15.6;12.2;20;4.1;-999;18.084;0;78
1991;135;16.6;11.1;22;2.7;-999;23.217;0;76
1991;136;17.9;11.2;24.4;3.7;-999;26.553;0;64
1991;137;15.2;8.9;24.3;2.1;-999;22.104;0;68
1991;138;12.2;7.7;17.1;3;-999;22.841;0;77
1991;139;12.3;4.4;18.3;2.5;-999;27.565;0;67
1991;140;14.6;6.9;21.4;2.4;-999;27.761;0;71
1991;141;17.4;9.1;24.3;2.2;-999;27.008;0;65
1991;142;19;10.4;25.8;1.8;-999;25.792;0;65
1991;143;20;13.1;26.4;2.3;-999;24.676;0;66
1991;144;19.6;12.6;26.7;4;-999;26.534;0;64
1991;145;17.4;10.5;23.8;4.7;-999;28.822;0;57
1991;146;16;9.3;22.2;4;-999;28.856;0;52
1991;147;15.9;8.3;21.7;3.4;-999;26.042;0;60
1991;148;17.5;12.2;24;2.8;-999;24.145;0;72
1991;149;15.3;9.2;20.7;2.8;-999;27.650;0;66
1991;150;16.5;10.6;22.1;3.2;-999;22.554;0;67
1991;151;17.3;8.2;24.1;1.9;-999;25.211;0;66
1991;152;17.9;10.4;24;2.1;-999;26.542;0;65
1991;153;19.6;10.8;26.4;3.5;-999;23.439;0;61
1991;154;21.9;13.5;28.5;5.1;-999;25.697;0;57
1991;155;20.9;15.4;27.9;3.7;-999;18.089;0;69
1991;156;22;14.2;29.2;4.3;-999;27.434;0;59
1991;157;21.5;12.9;28.3;3.6;-999;26.932;0;58
1991;158;19.2;14.8;25.3;3.4;-999;20.237;0.1;67
1991;159;18.7;12.7;23.3;4;-999;23.578;0;53
1991;160;18.8;14;23.9;3.6;-999;22.289;0;61
1991;161;18.4;12.5;24.7;2.6;-999;19.766;0.2;66
1991;162;13.2;9.8;19.5;2.9;-999;15.084;0.5;80
1991;163;12.9;10.1;15.6;1.9;-999;9.236;3.7;88
1991;164;15.2;12;20.5;2.3;-999;13.186;7.5;87
1991;165;15.8;12;20.7;2.7;-999;22.192;0;79
1991;166;19.1;10.9;25.3;2.6;-999;27.049;0;64
1991;167;20.3;15.8;24.9;2;-999;17.069;0;70
1991;168;18.3;12.9;23.1;1.6;-999;13.446;0;77
1991;169;17.6;9.9;23.9;2;-999;28.396;0;66
1991;170;16.6;9.6;21.7;2.3;-999;24.662;0;66
1991;171;19.1;11.6;26;3.8;-999;27.037;0.5;60
1991;172;19.7;14.4;26;2.9;-999;21.457;0;61
1991;173;19.8;11.8;26.9;2.3;-999;26.909;0;58
1991;174;17;12.3;22;3.6;-999;27.970;0;69
1991;175;16.4;8.1;22.5;2;-999;25.687;0;70
1991;176;17.4;11.7;23.4;2.8;-999;28.113;0;70
1991;177;17.8;10.8;24.4;3;-999;28.016;0;59
1991;178;17.3;9.1;24;2.6;-999;29.542;0;57
1991;179;19;10;26.4;1.7;-999;29.091;0;57
1991;180;19;11.3;27.3;1.2;-999;15.511;0;61
1991;181;25.6;17.4;30;2;-999;27.493;10;41
1991;182;23.6;13.2;31.6;2.4;-999;26.113;0;52
1991;183;24.2;14.8;32.3;2;-999;26.323;0;58
1991;184;21.2;14.9;25.8;3.2;-999;21.499;0;68
1991;185;19;10.7;24.8;1.4;-999;24.314;0;57
1991;186;19.3;15.7;25.6;2.3;-999;15.512;8.5;79
1991;187;17.8;15.5;21.7;3.3;-999;8.617;0.2;72
1991;188;14.1;12;15.6;3.7;-999;5.381;2.3;85
1991;189;17.7;13;23;2.4;-999;23.461;0;65
1991;190;19.4;10.7;26.5;1.4;-999;27.885;0;59
1991;191;21.6;12.1;28.3;1.6;-999;24.032;0;56
1991;192;21.3;11.8;28.7;1.8;-999;23.596;0;57
1991;193;18.6;16;21.6;2.4;-999;13.015;0.5;81
1991;194;18.3;14.9;24.1;2.5;-999;15.163;0.8;79
1991;195;18.5;13.1;23.7;3.5;-999;22.174;0;66
1991;196;16.8;13.7;19.2;4.6;-999;9.065;4.3;87
1991;197;15.8;11.1;19.5;4.1;-999;17.489;0;67
1991;198;15.2;8.5;20.4;2.7;-999;21.521;0;68
1991;199;19.8;9.7;26.8;2.1;-999;17.443;4;66
1991;200;18.5;13.8;22.5;4.2;-999;16.623;1;81
1991;201;14.5;13.5;17.1;2.1;-999;2.683;0;89
1991;202;24.8;17.2;32.1;2;-999;24.200;0;60
1991;203;26.7;16.9;35.6;3;-999;24.100;4;56
1991;204;19.7;17;24.4;2;-999;13.000;0;79
1991;205;21.2;15.3;25.3;2.4;-999;7.826;0;56
1991;206;20.3;11.4;27.6;2;-999;27.633;0;59
1991;207;20.9;12.6;29.5;3.2;-999;23.804;2.1;65
1991;208;19;13.9;24.6;3.2;-999;18.616;0;74
1991;209;21.3;14.3;29.8;3.9;-999;19.240;2.8;65
1991;210;16.1;11.4;21.1;5.8;-999;18.365;0;66
1991;211;17.1;9.9;23.1;2.6;-999;26.335;0;66
1991;212;21.8;10.5;31;2.8;-999;24.830;0;57
1991;213;20.9;14.7;26.8;2.1;-999;16.925;0;64
1991;214;21.4;13.9;28.3;2.3;-999;20.483;0;69
1991;215;21.5;16.2;26.5;2.9;-999;14.571;5.7;77
1991;216;23.6;13.7;32.2;3.4;-999;20.173;0;66
1991;217;19.9;13.1;23.6;4.1;-999;18.206;0;65
1991;218;19.8;10.5;27.1;3;-999;24.079;0;59
1991;219;22.8;13.4;31.6;2.7;-999;22.883;0;55
1991;220;20;13.5;26.7;3;-999;25.400;0;55
1991;221;22.8;13.7;33.8;1;-999;25.400;0;63
1991;222;29;15.3;37.6;4;-999;20.100;0;50
1991;223;26.5;22.3;35.5;7;-999;22.600;0;50
1991;224;20.4;14.4;23.8;4.3;-999;15.709;1.7;63
1991;225;19.5;13.8;25.6;3.7;-999;19.667;0.1;63
1991;226;16.9;15;19.8;5.1;-999;10.224;2.1;75
1991;227;14.9;13;16.9;4.8;-999;6.188;10.9;94
1991;228;14.7;11.8;18.7;4.4;-999;13.868;0.1;81
1991;229;16.1;9.1;22;1.9;-999;19.808;0;69
1991;230;15.7;12.9;18.2;3.3;-999;6.755;1.4;84
1991;231;16.4;11.5;20.7;3.5;-999;17.481;0;72
1991;232;18.3;14.2;22.4;2;-999;16.651;0;69
1991;233;20.4;14;26.7;2.9;-999;19.118;1.5;66
1991;234;19.4;14.9;22.8;4.5;-999;12.278;3.4;76
1991;235;16.8;11.2;22.8;3.4;-999;21.590;0;74
1991;236;15.3;10.7;22.6;2.7;-999;10.771;0.9;87
1991;237;16;9.3;21.1;3.6;-999;12.635;0;72
1991;238;18.1;15;22.7;4.2;-999;7.405;1.4;87
1991;239;19.2;14.4;24.8;2.8;-999;13.468;23.1;88
1991;240;18.9;16.3;22.5;3.8;-999;10.945;0.6;85
1991;241;24.1;18.2;31.5;3.5;-999;18.898;0.1;66
1991;242;21.6;16.1;30.3;3.3;-999;17.137;0.5;78
1991;243;15.8;14.1;18.2;2;-999;6.490;0.1;92
1991;244;16.5;13.1;20.7;3.2;-999;8.443;14.8;83
1991;245;12.1;10;13.2;5.1;-999;6.697;8;89
1991;246;13.2;8.1;16.4;5.4;-999;14.207;0;73
1991;247;15.5;12.8;18.9;5.5;-999;9.335;5.1;82
1991;248;12;9.1;15.1;4.3;-999;11.960;1.5;87
1991;249;10.8;8.3;12.9;4.5;-999;9.810;4.5;91
1991;250;11.5;8.2;15;4.9;-999;14.220;0;76
1991;251;12.3;5.8;17.8;3.5;-999;17.941;0.8;76
1991;252;13.3;10.2;15.9;3.4;-999;9.512;1.2;79
1991;253;12.5;8.7;17.2;2.9;-999;15.985;0;75
1991;254;12.8;5.5;19.6;2;-999;17.405;0;73
1991;255;14.9;9;22.4;2.7;-999;12.897;0;75
1991;256;14;9.6;18.6;2.1;-999;9.535;0;83
1991;257;12.4;5.8;18.1;1.5;-999;14.334;0;79
1991;258;13.7;10.8;17.5;3.5;-999;7.559;0;84
1991;259;13.5;9.2;17.4;4.4;-999;9.882;0;79
1991;260;14.9;12.6;17.2;5.7;-999;6.031;0;77
1991;261;12.7;7.7;17.3;2.3;-999;16.484;0;68
1991;262;10.9;3.9;18.5;1.5;-999;16.388;0;75
1991;263;11.4;5.1;17.9;2.7;-999;15.654;0;74
1991;264;11.4;5.7;17;1.8;-999;7.197;0.2;83
1991;265;13.1;6.9;19.8;2.2;-999;14.138;0;77
1991;266;15.1;9.1;21.8;5.3;-999;13.765;0;68
1991;267;15.8;9.8;22.6;3.3;-999;12.952;0;71
1991;268;14.6;12.1;16.6;1.4;-999;4.801;0.4;90
1991;269;14.2;12.1;17.3;0.6;-999;5.911;0.3;90
1991;270;14.1;8;22.2;0.9;-999;13.024;0.2;76
1991;271;14.3;7.5;22.4;0.7;-999;13.433;0;75
1991;272;13.2;7.8;21.1;1.7;-999;12.349;0;81
1991;273;11.1;7.1;15.7;2.5;-999;13.244;0;77
1991;274;11.1;9.5;14;0.7;-999;5.684;0;81
1991;275;8.8;2.8;16.3;0;-999;7.600;0;88
1991;276;8.7;3;16.4;2.2;-999;9.400;0;82
1991;277;10.8;3.9;16.8;3.6;-999;7.500;0;77
1991;278;9.3;5.1;15.5;9.2;-999;11.000;0;70
1991;279;9;4.6;10.7;7.2;-999;12.800;3;83
1991;280;11.3;9.8;12.3;5;-999;3.400;1;99
1991;281;8.8;5.9;13.3;3.6;-999;3.400;0;95
1991;282;9.4;2.9;11.3;6.7;-999;3.300;0;93
1991;283;8;4.7;13.7;1.4;-999;3.200;1;96
1991;284;4.9;1.7;12.6;4.7;-999;5.000;0;88
1991;285;6;1.8;11.4;4.2;-999;10.000;0;95
1991;286;4.1;-1.9;8;2.5;-999;7.943;0;61
1991;287;1.9;-3.1;8.6;1.8;-999;11.197;0;62
1991;288;0.6;-3.2;8.1;2.3;-999;5.564;0;61
1991;289;5.7;4.1;8.8;5;-999;2.900;0;92
1991;290;4.7;2.1;7.1;4.2;-999;1.002;0;80
1991;291;2.9;0.1;7.2;3.5;-999;6.981;0;85
1991;292;2.9;-1.9;8.9;2.1;-999;8.501;0;84
1991;293;5;-0.2;11.9;3.7;-999;8.693;0;79
1991;294;4.2;-0.3;10.7;1.7;-999;9.264;0;80
1991;295;4.4;-2;12.2;2.6;-999;7.139;0;84
1991;296;4;1.2;6;5.1;-999;3.761;0.6;88
1991;297;3.5;-0.4;6.5;3.4;-999;7.319;1.2;81
1991;298;5.1;3.2;6.3;4.2;-999;3.831;2.1;91
1991;299;4.6;3.6;6.9;3.8;-999;4.105;2.7;85
1991;300;3.2;0;6;2.8;-999;1.490;2.5;91
1991;301;0;1.8;1.7;2.1;-999;3.076;0;94
1991;302;3.7;0.6;6.8;2.5;-999;2.015;2.6;93
1991;303;4.9;2.6;7.2;4.5;-999;3.581;3;91
1991;304;3.7;-1.7;5.8;2.9;-999;4.263;0.1;76
1991;305;-1.2;-3.7;3.8;1;-999;6.915;0;89
1991;306;0.2;-1.2;2.9;2.2;-999;4.132;0;91
1991;307;3;-0.6;7.1;6.1;-999;7.467;0.9;73
1991;308;7.2;4.2;9.6;6.3;-999;3.516;2.4;57
1991;309;5.4;2.9;7.9;5.6;-999;3.303;0.6;57
1991;310;7.7;5.2;10.9;4.4;-999;1.879;1;57
1991;311;10.8;10.4;11.3;6.6;-999;1.900;0;57
1991;312;10.8;6.8;12.4;7.4;-999;1.165;1.8;57
1991;313;3.6;-1.8;6.1;3.1;-999;6.319;0;68
1991;314;-1.6;-6.5;3.8;1.8;-999;6.639;0;79
1991;315;4.5;0.4;7.2;4.8;-999;1.816;0.6;84
1991;316;6.2;4.4;8.9;5;-999;3.555;0.4;87
1991;317;5.2;3.6;9.3;6.1;-999;1.450;3;87
1991;318;3;1.7;4.6;5.8;-999;0.560;1;96
1991;319;2;0.5;3.9;1.4;-999;1.370;1;99
1991;320;1.2;-0.6;2.4;3.1;-999;0.560;1;100
1991;321;4.1;0.6;6.3;4.7;-999;0.560;2;100
1991;322;5.9;3.5;8.4;3.8;-999;2.402;0;80
1991;323;3.8;2.6;5;5.4;-999;1.606;4.3;89
1991;324;4.1;2.5;5.7;7.5;-999;2.515;1.9;88
1991;325;4.3;2.8;5.4;9.2;-999;2.651;0.2;77
1991;326;3.3;1.4;5.2;6.4;-999;3.506;1.8;87
1991;327;1.6;-0.6;4.5;1.9;-999;2.859;0;95
1991;328;0.7;-1.4;2.5;1.5;-999;1.222;0.7;97
1991;329;5.6;2.6;7.2;2.4;-999;1.897;0.6;96
1991;330;7;5.6;8.9;4.8;-999;1.505;1.8;90
1991;331;7.3;5.8;10.6;7.6;-999;0.518;4;88
1991;332;3.9;2.3;6.6;4.2;-999;2.490;2;94
1991;333;3.9;1.7;6.6;7.2;-999;0.400;2;99
1991;334;2;1.1;3.6;5.8;-999;0.400;0;100
1991;335;3.8;-0.1;5;7.2;-999;0.830;0;92
1991;336;6.4;4.6;10.1;5.5;-999;1.854;0;89
1991;337;4.9;2.7;7.4;6.5;-999;3.422;3.9;88
1991;338;6.7;3.4;10;5.6;-999;2.988;1.5;81
1991;339;4.9;1.8;6.3;5.3;-999;3.053;3.1;84
1991;340;2.5;0.2;4.7;3.9;-999;2.215;0;90
1991;341;1.6;0.3;3.1;2.4;-999;2.225;0;94
1991;342;0.8;0.3;1.6;4.7;-999;2.146;0;92
1991;343;1.7;0.5;2.9;2.3;-999;1.097;0;96
1991;344;2.4;1.7;3.5;2.3;-999;1.025;0;94
1991;345;2.8;2.3;3.3;1.6;-999;0.966;0;95
1991;346;2.3;0.5;3.3;4;-999;1.226;2.7;93
1991;347;3.3;0.2;4.8;6.4;-999;1.958;5.1;92
1991;348;2.8;1.5;4.1;6;-999;2.032;0;87
1991;349;6.3;2.7;8.5;6.1;-999;1.161;2.2;91
1991;350;5.4;0.4;7.6;2.8;-999;2.963;0;88
1991;351;0;-2.4;3.6;1.1;-999;3.842;0;94
1991;352;-0.8;-3.9;2.5;0.5;-999;3.449;0;94
1991;353;-1.5;-3.8;0;2.7;-999;2.892;0;95
1991;354;1.8;-1.5;3;5.4;-999;1.202;1.3;85
1991;355;1.8;0.3;2.5;1.9;-999;0.895;7.3;93
1991;356;-0.2;-2.4;1.3;1.4;-999;1.566;0;93
1991;357;-3.2;-3.8;-2.7;2.3;-999;1.861;0;91
1991;358;-4.8;-7.8;-2.2;4.9;-999;4.003;0;83
1991;359;-8.2;-9.6;-6.2;3.2;-999;3.198;0;88
1991;360;-9.8;-11.3;-7.7;2.5;-999;2.785;0;89
1991;361;-9;-12.1;-4.7;0.7;-999;2.960;0;88
1991;362;-2.3;-4.5;0.9;1.5;-999;3.384;0;90
1991;363;-6;-8.5;-2.4;2.2;-999;3.633;0;92
1991;364;-4.1;-5.3;-3;4.3;-999;1.039;0;92
1991;365;-1.6;-2.8;-0.6;2.3;-999;1.330;0;92
1992;1;-0.6;-1.5;1;6.7;-999;0.520;0;90
1992;2;2.8;0;6;12.8;-999;0.520;0;85
1992;3;7;6;8;11.4;-999;1.630;0;77
1992;4;5.7;4;8;8.6;-999;0.520;0;70
1992;5;5.6;4;7;7.8;-999;0.520;1;76
1992;6;4;3.5;5;1.1;-999;0.520;1;85
1992;7;4.7;3;8;7.2;-999;0.690;0;79
1992;8;3.9;0.2;7;3.1;-999;0.750;1;67
1992;9;5.7;2.5;9;6.1;-999;0.520;1;71
1992;10;-0.1;-3.5;2;4.2;-999;4.790;0;71
1992;11;-3.2;-7;1;0;-999;3.770;0;74
1992;12;1;-3;3.5;7.8;-999;1.940;0;77
1992;13;-1;-1.5;0;2.5;-999;0.720;1;79
1992;14;3.6;0;6;8.3;-999;0.720;0;78
1992;15;5.7;5;6;8.6;-999;0.720;0;70
1992;16;4.6;3;6;8.3;-999;0.720;1;69
1992;17;2.8;-1;4;7.8;-999;5.360;0;59
1992;18;2.8;-1;6;6.1;-999;0.720;3;76
1992;19;4.4;0;6;6.1;-999;0.720;12;78
1992;20;-0.4;-5;4.5;7.8;-999;1.030;0;81
1992;21;-6.2;-9;-3;0;-999;2.600;0;73
1992;22;-7.5;-10.5;-4;2.2;-999;5.790;0;71
1992;23;-8.2;-13;-4;3.6;-999;3.680;0;68
1992;24;-6.9;-9;-4;2.2;-999;3.540;0;70
1992;25;-7.5;-9;-6.5;0;-999;0.790;0;79
1992;26;-4.3;-7;-2;1.1;-999;0.790;0;79
1992;27;0;-1.5;1;1.4;-999;0.790;0;80
1992;28;-1.2;-2.5;0;2.5;-999;0.790;0;79
1992;29;-0.3;-1;0.5;2.2;-999;0.790;0;79
1992;30;-0.1;-1.5;1;1.1;-999;2.240;0;77
1992;31;-2.1;-2.5;-1.5;1.1;-999;0.790;0;78
1992;32;-1.5;-2;-1;2.5;-999;0.860;0;78
1992;33;-1.3;-2;-0.5;5;-999;0.860;1;78
1992;34;1.2;-1;4;6.7;-999;1.780;6;74
1992;35;1.9;0;3;9.2;-999;5.140;0;68
1992;36;1.3;0;2.5;8.6;-999;0.860;1;75
1992;37;2.1;-1;6;1.4;-999;0.860;1;78
1992;38;6.3;6;7.5;8.6;-999;2.540;0;70
1992;39;3.7;0;6;4.2;-999;0.860;0;72
1992;40;1.9;-2;8;3.6;-999;3.970;0;77
1992;41;3.4;1;6.5;3.1;-999;2.710;1;75
1992;42;2.5;1;4;4.7;-999;0.920;4;79
1992;43;4.4;3;6;1.1;-999;1.680;0;77
1992;44;6.6;4.5;9;3.6;-999;0.920;2;76
1992;45;2.8;1;5;5.8;-999;3.400;3;75
1992;46;4;1;7;6.1;-999;0.920;1;73
1992;47;1.4;-1;3.5;9.2;-999;1.400;2;70
1992;48;-1.8;-4.5;0;4.7;-999;4.740;1;73
1992;49;-3.1;-6;-1;3.1;-999;5.310;0;69
1992;50;-0.7;-3;0.5;5.8;-999;0.920;1;72
1992;51;-1.2;-4;1.5;3.6;-999;2.160;0;78
1992;52;1.3;0;2.5;6.1;-999;1.640;0;80
1992;53;3.1;1;4.5;4.7;-999;2.450;2;72
1992;54;4.8;2.5;8;10.8;-999;3.500;0;70
1992;55;3.5;1.5;6.5;4.7;-999;7.340;0;72
1992;56;3.7;1;7;0;-999;1.640;0;74
1992;57;2.5;-2;7.5;1.4;-999;3.970;0;73
1992;58;4.3;1;9;3.1;-999;6.640;0;74
1992;59;1.1;-4;6;1.1;-999;6.990;0;79
1992;60;6.8;3;12;4.2;-999;4.080;0;68
1992;61;8;4;14;3.1;-999;13.750;0;68
1992;62;6.9;5;13;3.1;-999;8.120;1;61
1992;63;5.5;4;7;11.7;-999;2.900;0;70
1992;64;6.9;4;11;5;-999;12.650;0;61
1992;65;7.5;4;13;1.4;-999;21.850;0;68
1992;66;5;1.5;10;3.6;-999;3.450;1;72
1992;67;6;5.5;7;3.1;-999;2.350;0;77
1992;68;5.7;0;11;3.1;-999;12.790;0;57
1992;69;4.5;-0.5;11.5;4.2;-999;13.200;0;55
1992;70;4.7;-2.5;12.5;2.2;-999;13.480;0;53
1992;71;4;1;6.5;5.8;-999;7.660;2;65
1992;72;3.1;-0.5;6;5.8;-999;3.230;14;75
1992;73;2.8;0;6;7.8;-999;3.230;3;74
1992;74;1.1;-0.5;3;9.7;-999;14.940;1;50
1992;75;0.4;-2.5;2;2.5;-999;7.030;2;71
1992;76;2.5;-1;6;7.2;-999;13.520;0;55
1992;77;2.3;-2;5;2.5;-999;4.340;0;70
1992;78;6.8;3.5;11;3.1;-999;10.670;0;71
1992;79;4.7;-1;11.5;4.7;-999;10.200;1;71
1992;80;6.1;4;8;3.1;-999;3.070;12;74
1992;81;8.3;4.5;11;2.5;-999;3.960;6;75
1992;82;5.5;4;8;8.6;-999;6.940;5;66
1992;83;3.7;0.1;7.3;0.9;-999;0.941;1;86
1992;84;2.7;-1.5;6.2;3.3;-999;6.982;0;90
1992;85;2.1;0.3;2.8;4.1;-999;1.657;6.3;95
1992;86;3.5;1.1;6.7;3.2;-999;7.500;0.2;84
1992;87;2.5;1.5;4.5;2.8;-999;6.195;1.4;92
1992;88;1.9;0.5;3.7;4.9;-999;7.760;3.2;92
1992;89;1.5;-0.6;4.1;3.7;-999;8.971;0.7;89
1992;90;1.2;-3.2;5;2.9;-999;11.857;0;85
1992;91;5.6;-0.3;12.4;5.7;-999;17.459;0;76
1992;92;7.4;2.4;14.9;5.5;-999;11.068;2.6;83
1992;93;7.2;2.8;12.9;4.5;-999;17.325;0;75
1992;94;5.9;0.6;10.3;3.4;-999;13.225;0;84
1992;95;5.3;1.6;8.5;4.2;-999;12.408;0;79
1992;96;3.7;-0.4;7.1;3;-999;11.725;0;80
1992;97;4.1;-1.1;8.2;2.5;-999;8.571;0.1;84
1992;98;6.7;2.1;11.1;1.8;-999;12.082;0;75
1992;99;7.2;3;12.3;1.4;-999;13.904;0;70
1992;100;5.8;-0.5;11.5;2.4;-999;18.940;0;73
1992;101;6.8;-1.5;13.2;0.9;-999;19.844;0;68
1992;102;10.2;4.4;15.6;2.7;-999;15.731;0;68
1992;103;11.5;6.8;16.6;3.4;-999;16.258;0;71
1992;104;8.5;7.3;10.1;4.3;-999;0.853;2.1;87
1992;105;7.3;5;10;5.5;-999;7.813;0.1;82
1992;106;7.6;2.4;14;3.7;-999;9.260;1;79
1992;107;5.1;1.6;7.1;4.9;-999;6.421;2.3;86
1992;108;2.7;-0.1;6;3.8;-999;13.913;2.1;87
1992;109;6.3;1.7;9.9;5.2;-999;11.610;1.7;88
1992;110;8.2;5.4;10;7.7;-999;15.128;1.9;72
1992;111;5.6;1.4;8.8;5.8;-999;18.680;0;59
1992;112;6.2;-1;11.3;3.1;-999;22.453;0;61
1992;113;8.2;2;12.8;4.1;-999;16.247;0;59
1992;114;6.5;3;9.4;2.3;-999;9.388;0;78
1992;115;10.4;5.4;15.1;1.9;-999;11.982;0;75
1992;116;15.3;7.8;24.1;3.6;-999;18.803;1.7;71
1992;117;13.9;10.2;19;2;-999;12.850;2.8;81
1992;118;12.8;6.6;15.5;4.4;-999;14.213;0;74
1992;119;12.1;4.8;17;3.5;-999;13.885;0.1;67
1992;120;10.6;6.9;12.8;3.8;-999;9.451;2.2;86
1992;121;9.6;2.8;14.8;2.3;-999;16.828;0;70
1992;122;12.4;6.1;17.1;4.9;-999;16.585;0.2;68
1992;123;8.2;5.7;10.2;2;-999;7.744;3;90
1992;124;9.1;6;11.9;2.9;-999;15.686;0.1;76
1992;125;8.3;2.5;13;1.6;-999;25.974;0;70
1992;126;9.9;1.4;15.8;1.3;-999;25.763;0;67
1992;127;12.4;4.4;17.6;3.2;-999;21.625;0;66
1992;128;13.3;11.5;16.3;4.5;-999;6.940;2.4;87
1992;129;10.5;5.1;17.1;5.3;-999;4.780;2.7;88
1992;130;7.5;4.3;11.4;4.4;-999;13.221;2.4;85
1992;131;7.9;5.8;11;4.5;-999;12.661;3.1;84
1992;132;7;4.8;10;2.6;-999;5.555;10.9;95
1992;133;9.8;3.3;14.6;4.4;-999;16.787;0.3;80
1992;134;15.6;12.2;20;4.1;-999;18.084;0;78
1992;135;16.6;11.1;22;2.7;-999;23.217;0;76
1992;136;17.9;11.2;24.4;3.7;-999;26.553;0;64
1992;137;15.2;8.9;24.3;2.1;-999;22.104;0;68
1992;138;12.2;7.7;17.1;3;-999;22.841;0;77
1992;139;12.3;4.4;18.3;2.5;-999;27.565;0;67
1992;140;14.6;6.9;21.4;2.4;-999;27.761;0;71
1992;141;17.4;9.1;24.3;2.2;-999;27.008;0;65
1992;142;19;10.4;25.8;1.8;-999;25.792;0;65
1992;143;20;13.1;26.4;2.3;-999;24.676;0;66
1992;144;19.6;12.6;26.7;4;-999;26.534;0;64
1992;145;17.4;10.5;23.8;4.7;-999;28.822;0;57
1992;146;16;9.3;22.2;4;-999;28.856;0;52
1992;147;15.9;8.3;21.7;3.4;-999;26.042;0;60
1992;148;17.5;12.2;24;2.8;-999;24.145;0;72
1992;149;15.3;9.2;20.7;2.8;-999;27.650;0;66
1992;150;16.5;10.6;22.1;3.2;-999;22.554;0;67
1992;151;17.3;8.2;24.1;1.9;-999;25.211;0;66
1992;152;17.9;10.4;24;2.1;-999;26.542;0;65
1992;153;19.6;10.8;26.4;3.5;-999;23.439;0;61
1992;154;21.9;13.5;28.5;5.1;-999;25.697;0;57
1992;155;20.9;15.4;27.9;3.7;-999;18.089;0;69
1992;156;22;14.2;29.2;4.3;-999;27.434;0;59
1992;157;21.5;12.9;28.3;3.6;-999;26.932;0;58
1992;158;19.2;14.8;25.3;3.4;-999;20.237;0.1;67
1992;159;18.7;12.7;23.3;4;-999;23.578;0;53
1992;160;18.8;14;23.9;3.6;-999;22.289;0;61
1992;161;18.4;12.5;24.7;2.6;-999;19.766;0.2;66
1992;162;13.2;9.8;19.5;2.9;-999;15.084;0.5;80
1992;163;12.9;10.1;15.6;1.9;-999;9.236;3.7;88
1992;164;15.2;12;20.5;2.3;-999;13.186;7.5;87
1992;165;15.8;12;20.7;2.7;-999;22.192;0;79
1992;166;19.1;10.9;25.3;2.6;-999;27.049;0;64
1992;167;20.3;15.8;24.9;2;-999;17.069;0;70
1992;168;18.3;12.9;23.1;1.6;-999;13.446;0;77
1992;169;17.6;9.9;23.9;2;-999;28.396;0;66
1992;170;16.6;9.6;21.7;2.3;-999;24.662;0;66
1992;171;19.1;11.6;26;3.8;-999;27.037;0.5;60
1992;172;19.7;14.4;26;2.9;-999;21.457;0;61
1992;173;19.8;11.8;26.9;2.3;-999;26.909;0;58
1992;174;17;12.3;22;3.6;-999;27.970;0;69
1992;175;16.4;8.1;22.5;2;-999;25.687;0;70
1992;176;17.4;11.7;23.4;2.8;-999;28.113;0;70
1992;177;17.8;10.8;24.4;3;-999;28.016;0;59
1992;178;17.3;9.1;24;2.6;-999;29.542;0;57
1992;179;19;10;26.4;1.7;-999;29.091;0;57
1992;180;19;11.3;27.3;1.2;-999;15.511;0;61
1992;181;25.6;17.4;30;2;-999;27.493;10;41
1992;182;23.6;13.2;31.6;2.4;-999;26.113;0;52
1992;183;24.2;14.8;32.3;2;-999;26.323;0;58
1992;184;21.2;14.9;25.8;3.2;-999;21.499;0;68
1992;185;19;10.7;24.8;1.4;-999;24.314;0;57
1992;186;19.3;15.7;25.6;2.3;-999;15.512;8.5;79
1992;187;17.8;15.5;21.7;3.3;-999;8.617;0.2;72
1992;188;14.1;12;15.6;3.7;-999;5.381;2.3;85
1992;189;17.7;13;23;2.4;-999;23.461;0;65
1992;190;19.4;10.7;26.5;1.4;-999;27.885;0;59
1992;191;21.6;12.1;28.3;1.6;-999;24.032;0;56
1992;192;21.3;11.8;28.7;1.8;-999;23.596;0;57
1992;193;18.6;16;21.6;2.4;-999;13.015;0.5;81
1992;194;18.3;14.9;24.1;2.5;-999;15.163;0.8;79
1992;195;18.5;13.1;23.7;3.5;-999;22.174;0;66
1992;196;16.8;13.7;19.2;4.6;-999;9.065;4.3;87
1992;197;15.8;11.1;19.5;4.1;-999;17.489;0;67
1992;198;15.2;8.5;20.4;2.7;-999;21.521;0;68
1992;199;19.8;9.7;26.8;2.1;-999;17.443;4;66
1992;200;18.5;13.8;22.5;4.2;-999;16.623;1;81
1992;201;14.5;13.5;17.1;2.1;-999;2.683;0;89
1992;202;24.8;17.2;32.1;2;-999;24.200;0;60
1992;203;26.7;16.9;35.6;3;-999;24.100;4;56
1992;204;19.7;17;24.4;2;-999;13.000;0;79
1992;205;21.2;15.3;25.3;2.4;-999;7.826;0;56
1992;206;20.3;11.4;27.6;2;-999;27.633;0;59
1992;207;20.9;12.6;29.5;3.2;-999;23.804;2.1;65
1992;208;19;13.9;24.6;3.2;-999;18.616;0;74
1992;209;21.3;14.3;29.8;3.9;-999;19.240;2.8;65
1992;210;16.1;11.4;21.1;5.8;-999;18.365;0;66
1992;211;17.1;9.9;23.1;2.6;-999;26.335;0;66
1992;212;21.8;10.5;31;2.8;-999;24.830;0;57
1992;213;20.9;14.7;26.8;2.1;-999;16.925;0;64
1992;214;21.4;13.9;28.3;2.3;-999;20.483;0;69
1992;215;21.5;16.2;26.5;2.9;-999;14.571;5.7;77
1992;216;23.6;13.7;32.2;3.4;-999;20.173;0;66
1992;217;19.9;13.1;23.6;4.1;-999;18.206;0;65
1992;218;19.8;10.5;27.1;3;-999;24.079;0;59
1992;219;22.8;13.4;31.6;2.7;-999;22.883;0;55
1992;220;20;13.5;26.7;3;-999;25.400;0;55
1992;221;22.8;13.7;33.8;1;-999;25.400;0;63
1992;222;29;15.3;37.6;4;-999;20.100;0;50
1992;223;26.5;22.3;35.5;7;-999;22.600;0;50
1992;224;20.4;14.4;23.8;4.3;-999;15.709;1.7;63
1992;225;19.5;13.8;25.6;3.7;-999;19.667;0.1;63
1992;226;16.9;15;19.8;5.1;-999;10.224;2.1;75
1992;227;14.9;13;16.9;4.8;-999;6.188;10.9;94
1992;228;14.7;11.8;18.7;4.4;-999;13.868;0.1;81
1992;229;16.1;9.1;22;1.9;-999;19.808;0;69
1992;230;15.7;12.9;18.2;3.3;-999;6.755;1.4;84
1992;231;16.4;11.5;20.7;3.5;-999;17.481;0;72
1992;232;18.3;14.2;22.4;2;-999;16.651;0;69
1992;233;20.4;14;26.7;2.9;-999;19.118;1.5;66
1992;234;19.4;14.9;22.8;4.5;-999;12.278;3.4;76
1992;235;16.8;11.2;22.8;3.4;-999;21.590;0;74
1992;236;15.3;10.7;22.6;2.7;-999;10.771;0.9;87
1992;237;16;9.3;21.1;3.6;-999;12.635;0;72
1992;238;18.1;15;22.7;4.2;-999;7.405;1.4;87
1992;239;19.2;14.4;24.8;2.8;-999;13.468;23.1;88
1992;240;18.9;16.3;22.5;3.8;-999;10.945;0.6;85
1992;241;24.1;18.2;31.5;3.5;-999;18.898;0.1;66
1992;242;21.6;16.1;30.3;3.3;-999;17.137;0.5;78
1992;243;15.8;14.1;18.2;2;-999;6.490;0.1;92
1992;244;16.5;13.1;20.7;3.2;-999;8.443;14.8;83
1992;245;12.1;10;13.2;5.1;-999;6.697;8;89
1992;246;13.2;8.1;16.4;5.4;-999;14.207;0;73
1992;247;15.5;12.8;18.9;5.5;-999;9.335;5.1;82
1992;248;12;9.1;15.1;4.3;-999;11.960;1.5;87
1992;249;10.8;8.3;12.9;4.5;-999;9.810;4.5;91
1992;250;11.5;8.2;15;4.9;-999;14.220;0;76
1992;251;12.3;5.8;17.8;3.5;-999;17.941;0.8;76
1992;252;13.3;10.2;15.9;3.4;-999;9.512;1.2;79
1992;253;12.5;8.7;17.2;2.9;-999;15.985;0;75
1992;254;12.8;5.5;19.6;2;-999;17.405;0;73
1992;255;14.9;9;22.4;2.7;-999;12.897;0;75
1992;256;14;9.6;18.6;2.1;-999;9.535;0;83
1992;257;12.4;5.8;18.1;1.5;-999;14.334;0;79
1992;258;13.7;10.8;17.5;3.5;-999;7.559;0;84
1992;259;13.5;9.2;17.4;4.4;-999;9.882;0;79
1992;260;14.9;12.6;17.2;5.7;-999;6.031;0;77
1992;261;12.7;7.7;17.3;2.3;-999;16.484;0;68
1992;262;10.9;3.9;18.5;1.5;-999;16.388;0;75
1992;263;11.4;5.1;17.9;2.7;-999;15.654;0;74
1992;264;11.4;5.7;17;1.8;-999;7.197;0.2;83
1992;265;13.1;6.9;19.8;2.2;-999;14.138;0;77
1992;266;15.1;9.1;21.8;5.3;-999;13.765;0;68
1992;267;15.8;9.8;22.6;3.3;-999;12.952;0;71
1992;268;14.6;12.1;16.6;1.4;-999;4.801;0.4;90
1992;269;14.2;12.1;17.3;0.6;-999;5.911;0.3;90
1992;270;14.1;8;22.2;0.9;-999;13.024;0.2;76
1992;271;14.3;7.5;22.4;0.7;-999;13.433;0;75
1992;272;13.2;7.8;21.1;1.7;-999;12.349;0;81
1992;273;11.1;7.1;15.7;2.5;-999;13.244;0;77
1992;274;11.1;9.5;14;0.7;-999;5.684;0;81
1992;275;8.8;2.8;16.3;0;-999;7.600;0;88
1992;276;8.7;3;16.4;2.2;-999;9.400;0;82
1992;277;10.8;3.9;16.8;3.6;-999;7.500;0;77
1992;278;9.3;5.1;15.5;9.2;-999;11.000;0;70
1992;279;9;4.6;10.7;7.2;-999;12.800;3;83
1992;280;11.3;9.8;12.3;5;-999;3.400;1;99
1992;281;8.8;5.9;13.3;3.6;-999;3.400;0;95
1992;282;9.4;2.9;11.3;6.7;-999;3.300;0;93
1992;283;8;4.7;13.7;1.4;-999;3.200;1;96
1992;284;4.9;1.7;12.6;4.7;-999;5.000;0;88
1992;285;6;1.8;11.4;4.2;-999;10.000;0;95
1992;286;4.1;-1.9;8;2.5;-999;7.943;0;61
1992;287;1.9;-3.1;8.6;1.8;-999;11.197;0;62
1992;288;0.6;-3.2;8.1;2.3;-999;5.564;0;61
1992;289;5.7;4.1;8.8;5;-999;2.900;0;92
1992;290;4.7;2.1;7.1;4.2;-999;1.002;0;80
1992;291;2.9;0.1;7.2;3.5;-999;6.981;0;85
1992;292;2.9;-1.9;8.9;2.1;-999;8.501;0;84
1992;293;5;-0.2;11.9;3.7;-999;8.693;0;79
1992;294;4.2;-0.3;10.7;1.7;-999;9.264;0;80
1992;295;4.4;-2;12.2;2.6;-999;7.139;0;84
1992;296;4;1.2;6;5.1;-999;3.761;0.6;88
1992;297;3.5;-0.4;6.5;3.4;-999;7.319;1.2;81
1992;298;5.1;3.2;6.3;4.2;-999;3.831;2.1;91
1992;299;4.6;3.6;6.9;3.8;-999;4.105;2.7;85
1992;300;3.2;0;6;2.8;-999;1.490;2.5;91
1992;301;0;1.8;1.7;2.1;-999;3.076;0;94
1992;302;3.7;0.6;6.8;2.5;-999;2.015;2.6;93
1992;303;4.9;2.6;7.2;4.5;-999;3.581;3;91
1992;304;3.7;-1.7;5.8;2.9;-999;4.263;0.1;76
1992;305;-1.2;-3.7;3.8;1;-999;6.915;0;89
1992;306;0.2;-1.2;2.9;2.2;-999;4.132;0;91
1992;307;3;-0.6;7.1;6.1;-999;7.467;0.9;73
1992;308;7.2;4.2;9.6;6.3;-999;3.516;2.4;57
1992;309;5.4;2.9;7.9;5.6;-999;3.303;0.6;57
1992;310;7.7;5.2;10.9;4.4;-999;1.879;1;57
1992;311;10.8;10.4;11.3;6.6;-999;1.900;0;57
1992;312;10.8;6.8;12.4;7.4;-999;1.165;1.8;57
1992;313;3.6;-1.8;6.1;3.1;-999;6.319;0;68
1992;314;-1.6;-6.5;3.8;1.8;-999;6.639;0;79
1992;315;4.5;0.4;7.2;4.8;-999;1.816;0.6;84
1992;316;6.2;4.4;8.9;5;-999;3.555;0.4;87
1992;317;5.2;3.6;9.3;6.1;-999;1.450;3;87
1992;318;3;1.7;4.6;5.8;-999;0.560;1;96
1992;319;2;0.5;3.9;1.4;-999;1.370;1;99
1992;320;1.2;-0.6;2.4;3.1;-999;0.560;1;100
1992;321;4.1;0.6;6.3;4.7;-999;0.560;2;100
1992;322;5.9;3.5;8.4;3.8;-999;2.402;0;80
1992;323;3.8;2.6;5;5.4;-999;1.606;4.3;89
1992;324;4.1;2.5;5.7;7.5;-999;2.515;1.9;88
1992;325;4.3;2.8;5.4;9.2;-999;2.651;0.2;77
1992;326;3.3;1.4;5.2;6.4;-999;3.506;1.8;87
1992;327;1.6;-0.6;4.5;1.9;-999;2.859;0;95
1992;328;0.7;-1.4;2.5;1.5;-999;1.222;0.7;97
1992;329;5.6;2.6;7.2;2.4;-999;1.897;0.6;96
1992;330;7;5.6;8.9;4.8;-999;1.505;1.8;90
1992;331;7.3;5.8;10.6;7.6;-999;0.518;4;88
1992;332;3.9;2.3;6.6;4.2;-999;2.490;2;94
1992;333;3.9;1.7;6.6;7.2;-999;0.400;2;99
1992;334;2;1.1;3.6;5.8;-999;0.400;0;100
1992;335;3.8;-0.1;5;7.2;-999;0.830;0;92
1992;336;6.4;4.6;10.1;5.5;-999;1.854;0;89
1992;337;4.9;2.7;7.4;6.5;-999;3.422;3.9;88
1992;338;6.7;3.4;10;5.6;-999;2.988;1.5;81
1992;339;4.9;1.8;6.3;5.3;-999;3.053;3.1;84
1992;340;2.5;0.2;4.7;3.9;-999;2.215;0;90
1992;341;1.6;0.3;3.1;2.4;-999;2.225;0;94
1992;342;0.8;0.3;1.6;4.7;-999;2.146;0;92
1992;343;1.7;0.5;2.9;2.3;-999;1.097;0;96
1992;344;2.4;1.7;3.5;2.3;-999;1.025;0;94
1992;345;2.8;2.3;3.3;1.6;-999;0.966;0;95
1992;346;2.3;0.5;3.3;4;-999;1.226;2.7;93
1992;347;3.3;0.2;4.8;6.4;-999;1.958;5.1;92
1992;348;2.8;1.5;4.1;6;-999;2.032;0;87
1992;349;6.3;2.7;8.5;6.1;-999;1.161;2.2;91
1992;350;5.4;0.4;7.6;2.8;-999;2.963;0;88
1992;351;0;2.4;3.6;1.1;-999;3.842;0;94
1992;352;-0.8;-3.9;2.5;0.5;-999;3.449;0;94
1992;353;-1.5;-3.8;0;2.7;-999;2.892;0;95
1992;354;1.8;-1.5;3;5.4;-999;1.202;1.3;85
1992;355;1.8;0.3;2.5;1.9;-999;0.895;7.3;93
1992;356;-0.2;-2.4;1.3;1.4;-999;1.566;0;93
1992;357;-3.2;-3.8;-2.7;2.3;-999;1.861;0;91
1992;358;-4.8;-7.8;-2.2;4.9;-999;4.003;0;83
1992;359;-8.2;-9.6;-6.2;3.2;-999;3.198;0;88
1992;360;-9.8;-11.3;-7.7;2.5;-999;2.785;0;89
1992;361;-9;-12.1;-4.7;0.7;-999;2.960;0;88
1992;362;-2.3;-4.5;0.9;1.5;-999;3.384;0;90
1992;363;-6;-8.5;-2.4;2.2;-999;3.633;0;92
1992;364;-4.1;-5.3;-3;4.3;-999;1.039;0;92
1992;365;-1.6;-2.8;-0.6;2.3;-999;1.330;0;92
1992;366;-2.1;-3.3;-0.9;1.9;-999;1.422;0;92
1993;1;-7.4;-9.9;-3.1;2.1;-999;3.821;0;92
1993;2;-10.7;-13.6;-8.5;3.3;-999;4.249;0;85
1993;3;-13.2;-15.8;-9.1;3.8;-999;4.051;0;79
1993;4;-12.6;-15.3;-9.9;4.4;-999;3.946;0;79
1993;5;-5.9;-13.1;0.1;4.7;-999;4.121;0;68
1993;6;2.3;-0.1;4.1;6.3;-999;0.966;3;54
1993;7;3.1;0.4;5.3;3.3;-999;2.127;6.9;54
1993;8;2.9;0.2;7.1;5.7;-999;1.881;0.1;54
1993;9;2.2;-0.5;5.7;6;-999;3.214;2.5;54
1993;10;7.4;6.4;8.4;6.8;-999;2.073;1.3;54
1993;11;9.1;7.6;10.4;8.8;-999;1.690;1.2;54
1993;12;4;1.8;7.6;5.9;-999;1.183;7.9;54
1993;13;4.2;2.5;8.5;7.7;-999;3.661;0;54
1993;14;6.8;3.5;12.3;9.6;-999;3.610;1.1;51
1993;15;3.9;0.5;8.4;6.4;-999;3.902;0;50
1993;16;10.9;9.2;12.1;8.5;-999;3.689;0;47
1993;17;9.2;7.2;11.8;6.7;-999;5.053;0;47
1993;18;5.3;2;8.6;5.9;-999;3.788;0;47
1993;19;2.9;0.2;5.4;6.5;-999;2.799;1;47
1993;20;6.6;3.8;9.1;6.7;-999;1.273;3;47
1993;21;7.7;6.3;9.6;7.9;-999;3.403;2.2;47
1993;22;9.4;4.3;12.6;10.3;-999;2.261;1.2;46
1993;23;4;2.1;5.3;8.4;-999;3.546;3.4;45
1993;24;7.6;2.8;10.2;11.8;-999;3.161;1.9;44
1993;25;2.1;-0.9;4.8;8.5;-999;2.482;0.7;44
1993;26;1;-0.5;2.1;9.8;-999;1.422;7.2;44
1993;27;-1.9;-4.7;0.2;3.7;-999;7.396;1.1;44
1993;28;-2.4;-5.8;-0.8;2.7;-999;4.362;0;44
1993;29;-4.3;-6.3;-2.8;1.7;-999;3.242;0;44
1993;30;-5.4;-7.7;-2.8;1.6;-999;5.860;0;44
1993;31;-6.2;-9.4;-0.4;1.1;-999;7.588;0;44
1993;32;-2.7;-7.8;-0.1;1.1;-999;1.999;0;44
1993;33;-2.9;-6.7;-0.3;2.5;-999;6.553;0;44
1993;34;-0.6;-2.1;-0.1;4.2;-999;2.459;0;44
1993;35;-1;-2.4;0.6;4.6;-999;3.005;0;44
1993;36;0.1;-0.7;1.5;6.8;-999;1.779;0;44
1993;37;1.6;0.5;2.5;4.4;-999;1.463;2.4;44
1993;38;-0.2;-2.5;1.6;1.4;-999;4.489;0;44
1993;39;1.8;-0.2;4;2.7;-999;4.026;0;44
1993;40;2.8;2.2;3.8;1.4;-999;1.912;0.1;44
1993;41;0.5;-0.6;2.3;2.4;-999;1.822;0;44
1993;42;-0.6;-1.2;0.1;1.7;-999;2.211;0;44
1993;43;0.6;-1;5;2.4;-999;6.463;0;44
1993;44;-0.7;-1.2;-0.3;0.8;-999;1.324;0;44
1993;45;0.7;-0.6;2.4;2;-999;2.801;0;44
1993;46;1.1;-2;3;3.3;-999;5.401;0;44
1993;47;-0.8;-2.3;0.3;3.9;-999;3.742;0.8;44
1993;48;2.8;0;6.3;5.8;-999;2.312;4.1;44
1993;49;1.9;-0.9;3.5;4.5;-999;5.380;0.4;44
1993;50;2.8;1.8;3.9;7.1;-999;4.001;3.9;44
1993;51;1.6;-0.5;4.1;7;-999;8.917;3.4;41
1993;52;-1;-4;1.3;6.1;-999;4.720;0.8;39
1993;53;-4.4;-7.8;-1.8;3.8;-999;11.690;0;39
1993;54;-3.4;-7.2;-0.9;3.9;-999;6.376;0;39
1993;55;-0.9;-1.3;-0.5;5.3;-999;3.487;0.8;39
1993;56;-0.8;-1.2;-0.4;3.3;-999;2.614;0.3;39
1993;57;-2;-5.5;1.5;2.2;-999;7.360;0.1;39
1993;58;-2.7;-8.1;2.4;2.3;-999;6.112;0.7;39
1993;59;-1.1;-4.2;1.4;2.6;-999;5.249;0;39
1993;60;0.5;-1.1;3.7;5.6;-999;10.331;0;39
1993;61;-1.3;-4.3;1.8;6.6;-999;10.576;0;39
1993;62;-4;-6.7;-1.1;4.1;-999;9.458;0;39
1993;63;-3.8;-5.8;-0.9;1.6;-999;10.886;0.1;39
1993;64;-2.8;-7.6;0;4.1;-999;6.548;0;39
1993;65;2.5;0.2;5.6;4;-999;10.100;0;39
1993;66;1.8;-1.1;5;2.5;-999;10.581;0;39
1993;67;-0.3;-2.2;2.9;1.3;-999;7.955;0;39
1993;68;-0.7;-4.7;4;2.1;-999;13.799;0;39
1993;69;1.9;-4.7;7.6;2.7;-999;11.770;0;39
1993;70;1.5;-1;4.3;2;-999;8.105;0;39
1993;71;2.7;-3.9;8.6;0.9;-999;10.138;0;39
1993;72;5.4;-0.1;12.3;1.4;-999;9.977;0;39
1993;73;6.7;1.6;13.6;1.5;-999;10.436;0;39
1993;74;8.3;2.1;15.1;2.2;-999;12.602;0;37
1993;75;10.4;7.6;15.5;6.1;-999;8.991;1.8;34
1993;76;8.1;7;9.6;7.9;-999;2.795;0.5;34
1993;77;9.8;5.8;10.7;7.6;-999;3.101;1.4;34
1993;78;5.4;2.6;8.1;7.8;-999;9.836;0.2;34
1993;79;6.6;4.1;10;6.3;-999;12.253;0;34
1993;80;8;1.2;15;3.3;-999;13.576;0;34
1993;81;10.3;6.4;14.3;2.9;-999;7.096;0.1;34
1993;82;8.1;4.6;9.7;6.2;-999;11.177;0.8;34
1993;83;4.7;2;7.9;5.7;-999;13.198;0;34
1993;84;2.5;-0.4;5.7;4.2;-999;10.462;0.7;34
1993;85;1.1;-2.3;5.6;3.2;-999;13.919;0;34
1993;86;-0.1;-2.8;2.7;2.4;-999;10.843;0.1;34
1993;87;0.7;-1.9;4.4;3.7;-999;10.895;0;34
1993;88;0.1;-1.1;2.1;4.4;-999;6.072;0.8;34
1993;89;0.8;-0.6;2.4;4;-999;6.285;0;34
1993;90;3.1;-0.5;6.8;3;-999;14.071;0;34
1993;91;4.8;0.9;11;5.3;-999;11.638;0;34
1993;92;5.2;-0.6;11;5.2;-999;19.067;0;34
1993;93;5.5;4.2;7.1;2.4;-999;4.593;0;34
1993;94;5.4;2.6;8.8;1.4;-999;6.538;0;34
1993;95;5.5;-0.2;10.3;2.2;-999;9.387;0;34
1993;96;6.9;4.6;11;3.6;-999;10.675;2;34
1993;97;6.7;4.9;9.9;3.2;-999;9.719;3.8;34
1993;98;4.9;2.5;6.4;4.1;-999;3.076;0;34
1993;99;1.4;-2.6;3.4;3.6;-999;11.055;0;34
1993;100;0.9;-4.2;6.2;2.6;-999;21.283;0;34
1993;101;2.3;-3.3;8.1;3.7;-999;22.783;0;34
1993;102;4;-2.1;10.1;3.1;-999;22.411;0;34
1993;103;5.6;-1;11.7;3;-999;19.741;0;34
1993;104;8.1;1.5;14.5;3.5;-999;17.220;0;34
1993;105;8.6;2.2;14.8;3.5;-999;19.896;0;34
1993;106;7.2;0.3;13.9;1.3;-999;21.499;0;33
1993;107;10.7;2;16.7;4;-999;17.429;0;32
1993;108;9.9;8.1;13;5.3;-999;9.979;7.5;32
1993;109;6.7;3.2;10.4;5.6;-999;20.928;0;32
1993;110;7;0.4;12.6;2.4;-999;19.444;0;32
1993;111;13.8;3.6;22.9;4.2;-999;19.686;0;32
1993;112;16.1;9.6;22;2.4;-999;20.481;0;32
1993;113;15.1;9.2;20;2.6;-999;20.111;0;32
1993;114;18.1;9.4;26.9;4.7;-999;21.857;0;30
1993;115;20.1;12.4;27.1;5.3;-999;20.789;0;29
1993;116;20.2;12;27.6;4.4;-999;23.425;0;29
1993;117;18.7;9.8;26.7;1.7;-999;21.178;0;28
1993;118;19.5;11.9;27.2;2.9;-999;21.598;0;27
1993;119;19.3;11.3;26.7;3.6;-999;22.531;0;27
1993;120;19.2;11.9;26.4;3.9;-999;23.030;3.3;27
1993;121;18.6;10.8;25.9;2.8;-999;22.960;0;27
1993;122;16.7;10.9;25;2.9;-999;18.738;0.1;27
1993;123;11.2;7.6;14;3;-999;5.458;0;27
1993;124;8.9;2.8;13.5;2.4;-999;25.992;0;27
1993;125;8.7;1.1;14.1;2.2;-999;24.505;0;27
1993;126;8.3;5.8;11.2;2.7;-999;5.824;0.4;27
1993;127;14.9;8;23.6;2;-999;19.952;0.3;27
1993;128;17.9;10.3;24.8;2.8;-999;21.539;0;26
1993;129;18.7;12.1;26;3.5;-999;22.127;0;26
1993;130;18.2;11.4;24.5;2.5;-999;21.646;0;25
1993;131;19.7;13.1;26.6;3.4;-999;21.752;0;25
1993;132;19.5;11.3;26.1;3.2;-999;23.897;0;24
1993;133;19.6;10.5;27.8;2.4;-999;24.034;0;24
1993;134;19.8;13.1;25.8;2.2;-999;25.746;0;24
1993;135;16;11.2;19.9;2.1;-999;18.465;0;24
1993;136;12.6;5.7;16.4;2.6;-999;17.823;0.5;24
1993;137;14.2;5.3;21.5;2.8;-999;28.344;0;24
1993;138;17;8.3;24.4;3.7;-999;28.503;0;24
1993;139;20.4;12.2;27.5;3.5;-999;26.140;0;24
1993;140;22.1;13.7;29.2;3;-999;24.667;0;24
1993;141;19.2;15.3;28.7;3;-999;16.847;8.6;24
1993;142;13.2;11.8;15.5;2.7;-999;3.272;2.6;24
1993;143;15.2;12.1;19;1.8;-999;12.748;0;24
1993;144;16;11.6;22.1;1.7;-999;18.983;0;24
1993;145;17.2;10.5;23.3;1.9;-999;22.380;0;24
1993;146;12.5;9.8;15.9;2.5;-999;12.802;0;24
1993;147;10.7;8.6;12.4;2.6;-999;5.530;7.1;24
1993;148;14;11.1;19.1;2.5;-999;12.002;0.7;24
1993;149;11.5;8.8;15.5;5;-999;13.475;0.1;24
1993;150;16.1;7.9;22.9;2.3;-999;25.627;10.2;24
1993;151;14.7;10.8;19.1;4.4;-999;21.851;2.3;24
1993;152;14.5;9.3;18.9;3.8;-999;22.290;0;24
1993;153;16.3;8.6;21.9;1.7;-999;22.668;0;24
1993;154;14.8;12.1;18.3;2.6;-999;10.010;1.8;24
1993;155;15.4;9.6;21.5;2.8;-999;29.050;0;24
1993;156;15.8;5.6;23.5;1;-999;30.434;0;24
1993;157;18.1;9.8;24.1;1.2;-999;19.492;0;24
1993;158;16.5;10;21;2.7;-999;28.235;0;24
1993;159;16.8;9.4;22.7;1.6;-999;26.325;0;24
1993;160;18.6;9.8;25.4;2.5;-999;30.017;0;24
1993;161;22;12.8;29.8;3;-999;27.872;0;24
1993;162;21.6;16;25.1;2.8;-999;18.194;0;24
1993;163;14.1;11.5;17.8;4.7;-999;3.430;32;24
1993;164;12.1;11.5;13.5;6.3;-999;3.859;27.1;24
1993;165;13.2;10.4;16.5;4.1;-999;17.388;0;24
1993;166;12.5;8.9;15.8;3.9;-999;18.312;0.1;24
1993;167;12.5;7;17.3;3.9;-999;15.356;0.4;24
1993;168;14.2;12.2;17.4;4.7;-999;17.787;4.2;24
1993;169;14.8;10.1;17.8;3.8;-999;14.115;0.5;24
1993;170;15;13.8;16.1;3.2;-999;7.833;6.4;24
1993;171;14.4;11;17.5;3.8;-999;17.771;7.5;24
1993;172;14;8.5;17.6;2.9;-999;24.021;0;24
1993;173;14.4;11.1;17.7;1.4;-999;18.736;0;24
1993;174;14.6;10.5;18.4;1.5;-999;16.044;1;24
1993;175;11.7;9.7;14.5;5.4;-999;19.642;5.6;24
1993;176;11.2;8.5;14.2;5.5;-999;18.637;0.1;52
1993;177;11.6;8.1;15;4.6;-999;16.292;0;76
1993;178;12.4;9.6;16.1;3.3;-999;12.490;0.7;80
1993;179;13;8.6;17.7;2.8;-999;18.620;2;77
1993;180;15.3;7.8;21.1;2.1;-999;20.573;0;75
1993;181;14.6;9.5;19.7;3.3;-999;27.386;0;69
1993;182;14.5;6.8;21.1;1;-999;24.757;0;73
1993;183;18.4;8.6;26.4;1.2;-999;29.751;0;63
1993;184;18.8;11.8;22.9;3.5;-999;21.365;0;66
1993;185;19.9;16.5;22.8;4;-999;15.749;0;75
1993;186;17.1;12.9;22.5;2.1;-999;13.653;0.1;81
1993;187;13.3;10.9;16;4.6;-999;14.541;14;74
1993;188;12.6;10.6;16.6;6.2;-999;18.009;4.1;81
1993;189;14.2;10.2;18.7;4.1;-999;20.314;0;72
1993;190;20.1;11.9;26.6;4.2;-999;27.742;0;57
1993;191;17;12;26.7;2.3;-999;14.700;0.8;82
1993;192;11.7;9.9;13.4;2.2;-999;3.996;21;97
1993;193;12.5;9.7;16.3;4;-999;16.860;2.7;81
1993;194;11.9;8.8;15.4;3.9;-999;19.201;0.3;82
1993;195;14.5;7.8;19.2;2.1;-999;20.239;0;70
1993;196;15;12.5;18.2;2;-999;10.200;8;91
1993;197;16.5;12.8;21.3;1.3;-999;19.456;4.6;78
1993;198;18;12.9;22.3;3.1;-999;16.721;1.8;85
1993;199;17.1;13;22;3;-999;20.360;0.3;79
1993;200;17.1;12.1;21.8;1.2;-999;12.997;0.1;82
1993;201;16.8;12.3;21.1;2.5;-999;17.060;2.4;78
1993;202;13.8;10.7;17;4;-999;10.507;0.1;84
1993;203;14.7;10.7;18.8;3.8;-999;19.637;0.4;75
1993;204;14.6;11.6;18.3;4.4;-999;15.162;1.2;79
1993;205;18.2;14.2;22.8;4.5;-999;15.473;6.7;83
1993;206;17.3;11.9;22.9;4.6;-999;17.755;0.4;75
1993;207;13.8;10.1;20.2;4.9;-999;19.286;2.3;80
1993;208;13.8;10;18.9;4.6;-999;16.760;2.3;85
1993;209;16;13.3;19.2;4.4;-999;13.993;0.5;89
1993;210;17.2;11.8;21.3;2.5;-999;16.150;0;78
1993;211;22.8;15.9;28.8;2.4;-999;20.372;0;69
1993;212;16.9;12.6;21.7;3.4;-999;9.037;3.4;89
1993;213;15.5;10.6;20;2.7;-999;18.513;0;76
1993;214;18.2;10.6;25.1;2.5;-999;21.643;0.1;68
1993;215;20.8;13;27.3;2.2;-999;21.539;1.6;67
1993;216;18.8;14.2;24;1.3;-999;18.199;0;79
1993;217;17.4;13.5;21.3;1.3;-999;8.849;0.1;91
1993;218;15.2;13.5;16.9;5.9;-999;10.963;10.4;87
1993;219;15.6;12.6;19.3;5.4;-999;15.078;0.3;78
1993;220;16.4;13.3;19.3;1.6;-999;9.350;1.5;88
1993;221;16.7;11.9;20.9;2.1;-999;16.654;2.2;85
1993;222;14.9;10.9;18.6;3.9;-999;9.591;8.6;90
1993;223;13.8;9.1;17.6;4.2;-999;18.868;0.8;71
1993;224;19.5;12.9;24.6;4.4;-999;17.459;0;67
1993;225;15.5;9.7;19.2;4.1;-999;19.674;0.1;70
1993;226;16.8;7.3;25;2.9;-999;23.318;0;65
1993;227;21.6;13;30.5;2.1;-999;18.458;0;72
1993;228;21.1;16;26.3;2.5;-999;17.575;0;74
1993;229;16.5;10.7;19.6;3.6;-999;23.395;0;65
1993;230;13.8;8.5;18;3.2;-999;15.444;0;73
1993;231;14.1;9.8;19.1;2;-999;13.502;0;79
1993;232;16.8;9.4;22.9;2.9;-999;17.773;0;67
1993;233;16.5;11.9;20.4;4.5;-999;13.375;0;77
1993;234;14.7;10.5;19.3;2.6;-999;11.275;2.3;80
1993;235;12.7;10;16.7;4;-999;15.718;0.1;73
1993;236;12.9;7.9;17.7;4.2;-999;16.128;0;74
1993;237;12.5;9.8;17.6;3.9;-999;13.957;0;81
1993;238;12.3;9.8;16.3;2.5;-999;13.775;10.5;87
1993;239;11.3;7.7;16;1.4;-999;9.866;8.6;90
1993;240;11.5;6.8;16;2.2;-999;18.786;0;79
1993;241;12.2;5.4;18.1;3;-999;16.403;0;75
1993;242;11.7;9.2;13.7;4.9;-999;6.209;5.5;92
1993;243;11.8;8.8;14.8;3.3;-999;7.320;2.2;90
1993;244;13.3;9.5;16;2.8;-999;11.455;2.2;90
1993;245;11.2;7;12.9;3.6;-999;7.648;2.4;96
1993;246;13.1;11.3;14.8;4;-999;9.899;5.7;92
1993;247;11.1;7.9;14.6;3.6;-999;11.323;8.7;86
1993;248;10.2;6.4;15;2.3;-999;13.880;5.7;84
1993;249;10.2;5.8;13.6;4.2;-999;10.233;0.9;89
1993;250;11.5;7.4;16.1;1.8;-999;10.657;0;85
1993;251;12.1;5.7;18.6;3;-999;11.321;1.4;88
1993;252;17.4;13.2;22.4;2.2;-999;14.465;11.7;85
1993;253;14.9;12;17.2;2.4;-999;6.002;5;97
1993;254;14.4;10.8;18.5;3;-999;11.512;0;87
1993;255;10.7;7.9;13.4;1.4;-999;4.043;0;96
1993;256;10.2;8.9;11.8;4.6;-999;8.956;1.2;85
1993;257;12;9.8;14.6;3.3;-999;5.900;13.7;93
1993;258;13.8;11.7;17.2;4.5;-999;8.600;2;79
1993;259;11.6;10.1;13.1;3.6;-999;3.200;17.4;97
1993;260;8.2;6.7;9.8;3.4;-999;6.180;0.8;93
1993;261;8.3;6.5;10.7;2.7;-999;7.151;1.4;93
1993;262;7.8;2.3;13.5;1.9;-999;17.118;0;78
1993;263;10.1;3.1;17.7;3.6;-999;15.676;0;77
1993;264;15.2;7.3;22.8;3.1;-999;11.813;0;84
1993;265;16.5;12;21.9;2.2;-999;8.991;0.3;91
1993;266;15.4;12.4;17.8;3.6;-999;8.032;0;91
1993;267;13.4;11.2;15.3;3.3;-999;4.024;0;92
1993;268;15.6;10.8;21.3;3.1;-999;11.224;0.3;86
1993;269;12.4;9.6;14.8;3;-999;5.249;12.9;90
1993;270;10.9;10;11.9;2.8;-999;4.392;0;87
1993;271;11.1;7.6;14.1;1.3;-999;7.565;0;92
1993;272;9.1;4.6;13.3;3;-999;13.978;0;79
1993;273;6;2.2;10.5;3.9;-999;13.409;0;74
1993;274;6.2;1.6;12.2;5.2;-999;9.808;0;78
1993;275;11.9;6.5;17.4;4.8;-999;10.232;0;80
1993;276;12.7;10.7;15.4;5.6;-999;3.865;1.9;79
1993;277;13;10;17.8;4.6;-999;12.197;0;78
1993;278;14.2;9.4;19.7;2.4;-999;10.890;0;82
1993;279;12.1;8.4;16.3;2.3;-999;7.302;0;91
1993;280;12.7;8.4;17.5;2;-999;8.501;0;89
1993;281;10.8;4;17.1;3.2;-999;8.450;0.1;90
1993;282;12.4;8.6;14.2;3.3;-999;2.903;6;96
1993;283;11;7.8;15.5;3.4;-999;10.693;0;82
1993;284;11.1;6.2;15.5;2.6;-999;4.848;0.4;94
1993;285;13.4;7.6;18.9;4.1;-999;5.227;0.3;86
1993;286;13.6;10.9;17.3;5.3;-999;9.625;0;80
1993;287;12;9.4;13.6;3.7;-999;3.564;1.4;91
1993;288;6.2;2.5;8.8;3.1;-999;3.109;1.4;95
1993;289;4.9;1.6;8.6;3.6;-999;8.287;0;88
1993;290;4.4;0.7;9.3;3;-999;10.777;0;82
1993;291;1.5;-2.5;7.8;1.8;-999;9.734;0;85
1993;292;1.2;-2.9;9.5;1.1;-999;9.000;0;79
1993;293;5.2;5;8.7;3.1;-999;5.700;1;85
1993;294;6.2;4.3;8.1;1.1;-999;4.200;0.3;86
1993;295;6.8;5;9;8.6;-999;4.000;0;88
1993;296;5.6;4.8;6.3;6.1;-999;2.400;0;82
1993;297;5.7;1;7.5;4.2;-999;2.300;0;81
1993;298;4.7;1.8;8.9;2.5;-999;3.800;0;87
1993;299;5.4;5.5;7.8;1.1;-999;2.100;0;93
1993;300;7.2;6.4;8.6;0;-999;2.000;0;93
1993;301;6.9;5.3;8.1;3.1;-999;2.000;0;87
1993;302;3.6;0.1;5.5;2.1;-999;1.314;1.5;90
1993;303;1.9;-1.2;7.8;2;-999;8.225;0;89
1993;304;0.3;-3.1;5.8;0.8;-999;5.640;0;95
1993;305;-0.5;-2.7;4.6;0.6;-999;4.966;0;98
1993;306;0;-3;1.6;1.8;-999;2.861;0;99
1993;307;0.3;-1;1.2;2.1;-999;2.530;0;99
1993;308;1.3;0.2;2.7;1.8;-999;1.455;0;99
1993;309;2.6;0.6;5;3.3;-999;2.049;0;99
1993;310;2.2;0.6;4.1;5.4;-999;1.280;0;98
1993;311;4.9;4.5;5.2;2.3;-999;1.140;4.8;98
1993;312;5.5;4.8;6.2;1.6;-999;1.811;1.1;98
1993;313;5.5;4.8;6.2;3.4;-999;1.411;3.1;97
1993;314;5.1;4;6.9;2.3;-999;2.404;0;96
1993;315;2.5;1.2;5.5;4.8;-999;2.240;0.5;91
1993;316;3.7;0.8;6.4;3.2;-999;3.454;0;94
1993;317;1.5;-2.7;6.3;1.6;-999;5.101;0;95
1993;318;0.8;-1.4;2.7;4.1;-999;1.753;7.5;97
1993;319;1.2;-0.1;3.3;3.5;-999;0.760;1.1;97
1993;320;1.1;0.6;1.7;2;-999;1.342;0;93
1993;321;-0.1;-2.6;1.2;0.7;-999;1.838;0;93
1993;322;-2.5;-4.2;-1.4;0.9;-999;3.576;0;94
1993;323;-1.3;-3.1;0.2;2.6;-999;1.585;0.5;94
1993;324;-4.5;-8.1;-0.4;4.9;-999;3.456;0.3;88
1993;325;-7.3;-8.4;-5.8;5.9;-999;2.412;0;83
1993;326;-4.4;-5.5;-3.3;3.1;-999;1.811;6;94
1993;327;-4.8;-10.3;-3.2;3.3;-999;4.063;0;92
1993;328;-8.6;-13;-5.3;1.8;-999;2.734;0;96
1993;329;-5.6;-7.6;-2.7;0.8;-999;4.025;0;98
1993;330;-5.3;-8.3;-2.6;0.8;-999;1.520;0;99
1993;331;-2.9;-3.6;-2.1;2.5;-999;1.513;0;92
1993;332;-3.1;-5;-1.7;2.9;-999;2.446;0.1;92
1993;333;-5.1;-6.9;-4.6;1.5;-999;1.768;0;94
1993;334;-8.3;-10.3;-6.4;2.9;-999;1.753;0;97
1993;335;-6.6;-7.6;-5.7;5.2;-999;2.265;0;96
1993;336;-0.7;-6.4;3.9;5.7;-999;2.069;0.8;94
1993;337;6.2;3.6;8.5;6.6;-999;1.145;0;94
1993;338;6.9;4.9;8.8;6.3;-999;3.030;0;82
1993;339;5.1;3.3;8.4;6.1;-999;1.966;0;85
1993;340;6.1;4.9;6.9;4.6;-999;1.094;0;91
1993;341;3.2;1.3;4.9;5.8;-999;3.218;3.1;87
1993;342;2.4;1;3.3;5.7;-999;1.393;3.5;90
1993;343;5.8;3;7.7;9.2;-999;1.198;19;88
1993;344;4.1;1.2;5.6;6.3;-999;2.845;3.4;90
1993;345;4;2.3;5.6;7.3;-999;1.841;0.5;82
1993;346;3.1;2.1;3.9;6.9;-999;1.617;1.5;91
1993;347;1.9;-0.1;6.3;3.5;-999;0.787;5.3;98
1993;348;2.3;-1.1;5.8;3.3;-999;1.030;1.6;96
1993;349;1;-1.1;2.9;2.7;-999;2.026;0.8;92
1993;350;4.3;2.6;5.5;6.8;-999;2.060;2.4;79
1993;351;4.2;3;5.2;8.2;-999;1.666;1.4;81
1993;352;3.5;0.3;6.5;5;-999;2.420;0.3;95
1993;353;8.5;6.3;10.9;9.3;-999;1.270;7.4;83
1993;354;4;2.1;7.2;6.2;-999;1.495;0;77
1993;355;0.3;-1.5;2.1;1.2;-999;2.236;0.1;98
1993;356;0.5;-1.1;1.2;5.5;-999;1.781;1.6;93
1993;357;2.4;0.8;3.6;6.5;-999;1.938;5.1;88
1993;358;0.7;0.1;1.2;2.9;-999;0.857;2.4;98
1993;359;-0.1;-0.4;0.5;0.2;-999;0.599;9;99
1993;360;0.1;-0.5;0.5;1.2;-999;0.610;3.2;99
1993;361;-1.1;-1.9;0.3;1.8;-999;2.352;0;98
1993;362;-1.9;-5.7;-0.6;2.2;-999;2.444;0;97
1993;363;-4.8;-6.5;-1.4;1.4;-999;3.578;0;96
1993;364;2.3;-0.7;5.5;6.2;-999;3.075;2.5;93
1993;365;6;4.4;8.5;6;-999;2.297;2.2;88
